"226","プロジェクトリーダー実践教本 誰でもチームをゴールに導ける！新刊","https://image.honto.jp/item/1/265/2971/9529/29719529_1.png","2019-07-25 00:46:23","2019-07-25 01:06:51","伊藤 大輔 （著）","カテゴリ：一般"
"227","見・聞・録による石橋正二郎伝 ロマンと心意気 （静岡産業大学オオバケＢＯＯＫＳ）新刊","https://image.honto.jp/item/1/265/2975/2698/29752698_1.png","2019-07-25 00:46:23","2019-07-25 01:06:52","大坪 檀 （著）","カテゴリ：一般"
"228","Ｔｈｉｎｋ ｃｌｅａｒｌｙ 最新の学術研究から導いた、よりよい人生を送るための思考法","https://image.honto.jp/item/1/265/2958/1273/29581273_1.png","2019-07-25 00:46:24","2019-07-25 01:06:52","ロルフ・ドベリ （著）","カテゴリ：一般"
"229","ｈａｐｐｙ ｍｏｎｅｙ 一瞬で人生を変えるお金の秘密 これからの人生をお金と楽しく心安らかに過ごす方法新刊","https://image.honto.jp/item/1/265/2970/9891/29709891_1.png","2019-07-25 00:46:24","2019-07-25 01:06:53","本田健 （訳）","カテゴリ：一般"
"230","実行力 結果を出す「仕組み」の作りかた （ＰＨＰ新書）","https://image.honto.jp/item/1/265/2955/8318/29558318_1.png","2019-07-25 00:46:25","2019-07-25 01:06:54","橋下徹 （著）","カテゴリ：一般"
"231","Ｔｈｉｎｋ ＣＩＶＩＬＩＴＹ 「礼儀正しさ」こそ最強の生存戦略である新刊","https://image.honto.jp/item/1/265/2964/9104/29649104_1.png","2019-07-25 00:46:25","2019-07-25 01:06:54","クリスティーン・ポラス （著）","カテゴリ：一般"
"232","ニュータイプの時代 新時代を生き抜く２４の思考・行動様式新刊","https://image.honto.jp/item/1/265/2972/2868/29722868_1.png","2019-07-25 00:46:26","2019-07-25 01:06:55","山口周 （著）","カテゴリ：一般"
"233","ＳＤＧｓ入門 （日経文庫）新刊","https://image.honto.jp/item/1/265/2969/0495/29690495_1.png","2019-07-25 00:46:27","2019-07-25 01:06:56","村上 芽 （著）","カテゴリ：一般"
"234","５Ｇビジネス （日経文庫）新刊","https://image.honto.jp/item/1/265/2969/0494/29690494_1.png","2019-07-25 00:46:27","2019-07-25 01:06:56","亀井 卓也 （著）","カテゴリ：一般"
"235","あり金は全部使え 貯めるバカほど貧しくなる新刊","https://image.honto.jp/item/1/265/2971/4606/29714606_1.png","2019-07-25 00:46:28","2019-07-25 01:06:57","堀江貴文 （著）","カテゴリ：一般"
"236","神トーーク 「伝え方しだい」で人生は思い通り新刊","https://image.honto.jp/item/1/265/2975/6654/29756654_1.png","2019-07-25 00:46:28","2019-07-25 01:06:58","星渉 （著）","カテゴリ：一般"
"237","世界のエリートが学んでいるＭＢＡ必読書５０冊を１冊にまとめてみた","https://image.honto.jp/item/1/265/2959/9664/29599664_1.png","2019-07-25 00:46:29","2019-07-25 01:06:58","永井孝尚 （著）","カテゴリ：一般"
"238","父が娘に語る美しく、深く、壮大で、とんでもなくわかりやすい経済の話。","https://image.honto.jp/item/1/265/2951/7441/29517441_1.png","2019-07-25 00:46:29","2019-07-25 01:06:59","ヤニス・バルファキス （著）","カテゴリ：中学生 高校生 一般"
"239","学びを結果に変えるアウトプット大全","https://image.honto.jp/item/1/265/2910/0397/29100397_1.png","2019-07-25 00:46:30","2019-07-25 01:07:00","樺沢紫苑 （著）","カテゴリ：一般"
"240","嫌われる勇気 （自己啓発の源流「アドラー」の教え）","https://image.honto.jp/item/1/265/2598/6125/25986125_1.png","2019-07-25 00:46:31","2019-07-25 01:07:00","岸見 一郎 （著）","カテゴリ：一般"
"241","時間術大全 人生が本当に変わる「８７の時間ワザ」新刊","https://image.honto.jp/item/1/265/2966/5776/29665776_1.png","2019-07-25 00:46:31","2019-07-25 01:07:01","ジェイク・ナップ （著）","カテゴリ：一般"
"242","未来経済都市沖縄","https://image.honto.jp/item/1/265/2934/7747/29347747_1.png","2019-07-25 00:46:32","2019-07-25 01:07:02","安里 昌利 （著）","カテゴリ：一般"
"243","メモの魔力 （ＮＥＷＳＰＩＣＫＳ ＢＯＯＫ）","https://image.honto.jp/item/1/265/2940/4718/29404718_1.png","2019-07-25 00:46:32","2019-07-25 01:07:02","前田 裕二 （著）","カテゴリ：一般"
"244","ウォール街のランダム・ウォーカー 株式投資の不滅の真理 原著第１２版新刊","https://image.honto.jp/item/1/265/2972/8605/29728605_1.png","2019-07-25 00:46:33","2019-07-25 01:07:03","バートン・マルキール （著）","カテゴリ：一般"
"245","ハッタリの流儀 ソーシャル時代の新貨幣である「影響力」と「信用」を集める方法 （ＮＥＷＳＰＩＣＫＳ ＢＯＯＫ）新刊","https://image.honto.jp/item/1/265/2975/5870/29755870_1.png","2019-07-25 00:46:33","2019-07-25 01:07:04","堀江貴文 （著）","カテゴリ：一般"
"246","平成経済衰退の本質 （岩波新書 新赤版）","https://image.honto.jp/item/1/265/2955/9512/29559512_1.png","2019-07-25 00:46:34","2019-07-25 01:07:04","金子勝 （著）","カテゴリ：一般"
"247","超効率勉強法 最短の時間で最大の成果を手に入れる","https://image.honto.jp/item/1/265/2947/2137/29472137_1.png","2019-07-25 00:46:35","2019-07-25 01:07:05","メンタリストＤａｉＧｏ （著）","カテゴリ：一般"
"248","ファーウェイと米中５Ｇ戦争 （講談社＋α新書）新刊","https://image.honto.jp/item/1/265/2971/9506/29719506_1.png","2019-07-25 00:46:35","2019-07-25 01:07:06","近藤大介 （著）","カテゴリ：一般"
"249","スッキリわかる日商簿記３級 第１０版 （スッキリわかるシリーズ）","https://image.honto.jp/item/1/265/2941/9687/29419687_1.png","2019-07-25 00:46:36","2019-07-25 01:07:06","滝澤 ななみ （著）","カテゴリ：一般"
"250","日本一稼ぐ弁護士の仕事術新刊","https://image.honto.jp/item/1/265/2973/3750/29733750_1.png","2019-07-25 00:46:36","2019-07-25 01:07:07","福永 活也 （著）","カテゴリ：一般"
"251","お金の流れで読む日本と世界の未来 世界的投資家は予見する （ＰＨＰ新書）","https://image.honto.jp/item/1/265/2937/1755/29371755_1.png","2019-07-25 00:46:37","2019-07-25 01:07:07","ジム・ロジャーズ （著）","カテゴリ：一般"
"252","チーズはどこへ消えた？","https://image.honto.jp/item/1/265/0195/6710/01956710_1.png","2019-07-25 00:46:37","2019-07-25 01:07:08","スペンサー・ジョンソン （著）","第３６回新風賞受賞"
"253","お金儲け２．０ 手堅く１億円稼ぐ７つの最新手法新刊","https://image.honto.jp/item/1/265/2972/0956/29720956_1.png","2019-07-25 00:46:38","2019-07-25 01:07:09","川島和正 （著）","カテゴリ：一般"
"254","「５Ｇ革命」の真実 ５Ｇ通信と米中デジタル冷戦のすべて （ＷＡＣ ＢＵＮＫＯ）新刊","https://image.honto.jp/item/1/265/2975/0102/29750102_1.png","2019-07-25 00:46:38","2019-07-25 01:07:09","深田 萌絵 （著）","カテゴリ：一般"
"255","金川流人財募集要項 求められる人になる４５の条件新刊","https://image.honto.jp/item/1/265/2970/5655/29705655_1.png","2019-07-25 00:46:39","2019-07-25 01:07:10","金川顕教 （著）","カテゴリ：一般"
"256","「儲かる仕組み」の思考法 いま、利益を出す会社は何をしているのか？","https://image.honto.jp/item/1/265/2907/5724/29075724_1.png","2019-07-25 00:46:40","2019-07-25 01:07:10","山崎 将志 （著）","カテゴリ：一般"
"257","パーフェクトストーム迫りくる世界同時「大不況」 （黄金の相場予測）新刊","https://image.honto.jp/item/1/265/2971/9530/29719530_1.png","2019-07-25 00:46:40","2019-07-25 01:07:11","若林 栄四 （著）","カテゴリ：一般"
"258","みんなが欲しかった！ＦＰの教科書２級・ＡＦＰ 学科・実技に対応 ’１９−’２０年版","https://image.honto.jp/item/1/265/2957/0528/29570528_1.png","2019-07-25 00:46:41","2019-07-25 01:07:11","滝澤 ななみ （著）","カテゴリ：一般"
"259","苦しかったときの話をしようか ビジネスマンの父が我が子のために書きためた「働くことの本質」","https://image.honto.jp/item/1/265/2954/4460/29544460_1.png","2019-07-25 00:46:41","2019-07-25 01:07:12","森岡毅 （著）","カテゴリ：一般"
"260","プレゼン資料のデザイン図鑑 見てマネするだけ！ 完全保存版","https://image.honto.jp/item/1/265/2951/7445/29517445_1.png","2019-07-25 00:46:42","2019-07-25 01:07:13","前田鎌利 （著）","カテゴリ：一般"
"261","みんなが欲しかった簿記の教科書日商３級商業簿記 第７版 （みんなが欲しかったシリーズ）","https://image.honto.jp/item/1/265/2941/9690/29419690_1.png","2019-07-25 00:46:42","2019-07-25 01:07:13","滝澤 ななみ （著）","カテゴリ：一般"
"262","イシューからはじめよ 知的生産の「シンプルな本質」","https://image.honto.jp/item/1/265/0334/7415/03347415_1.png","2019-07-25 00:46:43","2019-07-25 01:07:14","安宅 和人 （著）","カテゴリ：一般"
"263","全国民が読んだら歴史が変わる奇跡の経済教室 戦略編新刊","https://image.honto.jp/item/1/265/2973/3806/29733806_1.png","2019-07-25 00:46:44","2019-07-25 01:07:14","中野 剛志 （著）","カテゴリ：一般"
"264","みんなが欲しかった！ＦＰの問題集２級・ＡＦＰ 実技対策もカンペキ！ ’１９−’２０年版","https://image.honto.jp/item/1/265/2957/0530/29570530_1.png","2019-07-25 00:46:44","2019-07-25 01:07:15","滝澤 ななみ （著）","カテゴリ：一般"
"265","年収９０万円でハッピーライフ （ちくま文庫）新刊","https://image.honto.jp/item/1/265/2968/3206/29683206_1.png","2019-07-25 00:46:44","2019-07-25 01:07:16","大原扁理 （著）","カテゴリ：一般"
"266","アウトルック最速仕事術 年間１００時間の時短を実現した３２のテクニック","https://image.honto.jp/item/1/265/2951/7450/29517450_1.png","2019-07-25 00:46:45","2019-07-25 01:07:16","森 新 （著）","カテゴリ：一般"
"267","謝罪力 仕事でも家庭でも「問題解決」に役立つ本","https://image.honto.jp/item/1/265/2956/4995/29564995_1.png","2019-07-25 00:46:46","2019-07-25 01:07:17","竹中功 （著）","カテゴリ：一般"
"268","両利きの経営 「二兎を追う」戦略が未来を切り拓く","https://image.honto.jp/item/1/265/2943/1442/29431442_1.png","2019-07-25 00:46:46","2019-07-25 01:07:17","チャールズ・Ａ・オライリー （著）","カテゴリ：一般"
"269","さあ、才能に目覚めよう ストレングス・ファインダー２．０ 新版","https://image.honto.jp/item/1/265/2837/5950/28375950_1.png","2019-07-25 00:46:47","2019-07-25 01:07:18","トム・ラス （著）","カテゴリ：一般"
"270","もう銀行はいらない新刊","https://image.honto.jp/item/1/265/2974/7193/29747193_1.png","2019-07-25 00:46:48","2019-07-25 01:07:19","上念司 （著）","カテゴリ：一般"
"271","売上を、減らそう。 たどりついたのは業績至上主義からの解放新刊","https://image.honto.jp/item/1/265/2968/2238/29682238_1.png","2019-07-25 00:46:48","2019-07-25 01:07:19","中村 朱美 （著）","カテゴリ：一般"
"272","株の鬼１００則新刊","https://image.honto.jp/item/1/265/2965/3052/29653052_1.png","2019-07-25 00:46:49","2019-07-25 01:07:20","日向野利治 （著）","カテゴリ：一般"
"273","みんなが欲しかった！ＦＰの教科書３級 学科・実技に対応 ’１９−’２０年版","https://image.honto.jp/item/1/265/2957/0529/29570529_1.png","2019-07-25 00:46:49","2019-07-25 01:07:20","滝澤 ななみ （著）","カテゴリ：一般"
"274","新・魔法のコンパス （角川文庫）","https://image.honto.jp/item/1/265/2959/9671/29599671_1.png","2019-07-25 00:46:50","2019-07-25 01:07:21","西野 亮廣 （著）","カテゴリ：一般"
"275","お金をかけずにモノを売る広報視点","https://image.honto.jp/item/1/265/2883/5752/28835752_1.png","2019-07-25 00:46:50","2019-07-25 01:07:21","竹中 功 （著）","カテゴリ：一般"
"276","ブルー・オーシャン戦略 競争のない世界を創造する 新版 （Ｈａｒｖａｒｄ Ｂｕｓｉｎｅｓｓ Ｒｅｖｉｅｗ Ｐｒｅｓｓ）","https://image.honto.jp/item/1/265/2732/7673/27327673_1.png","2019-07-25 00:46:51","2019-07-25 01:07:22","Ｗ．チャン・キム （著）","カテゴリ：一般"
"277","論語と算盤 現代語訳 （ちくま新書）","https://image.honto.jp/item/1/265/0323/5257/03235257_1.png","2019-07-25 00:46:51","2019-07-25 01:07:23","渋沢 栄一 （著）","カテゴリ：一般"
"278","資本主義と民主主義の終焉 平成の政治と経済を読み解く （祥伝社新書）","https://image.honto.jp/item/1/265/2962/3476/29623476_1.png","2019-07-25 00:46:52","2019-07-25 01:07:23","水野和夫 （著）","カテゴリ：一般"
"279","スッキリわかる日商簿記２級商業簿記 第１１版 （スッキリわかるシリーズ）","https://image.honto.jp/item/1/265/2941/9688/29419688_1.png","2019-07-25 00:46:52","2019-07-25 01:07:24","滝澤 ななみ （著）","カテゴリ：一般"
"280","自己肯定力 そんなことで私の価値は変わらない新刊","https://image.honto.jp/item/1/265/2976/0404/29760404_1.png","2019-07-25 00:46:53","2019-07-25 01:07:24","鴨頭嘉人 （著）","カテゴリ：一般"
"281","会計と犯罪 郵便不正から日産ゴーン事件まで","https://image.honto.jp/item/1/265/2961/4868/29614868_1.png","2019-07-25 00:46:53","2019-07-25 01:07:25","細野祐二 （著）","カテゴリ：一般"
"282","会社四季報業界地図 ２０１９年版","https://image.honto.jp/item/1/265/2918/9191/29189191_1.png","2019-07-25 00:46:54","2019-07-25 01:07:26","東洋経済新報社 （編）","カテゴリ：一般"
"283","頭に来てもアホとは戦うな！ 人間関係を思い通りにし、最高のパフォーマンスを実現する方法","https://image.honto.jp/item/1/265/2626/1495/26261495_1.png","ブラウザで立ち読み","2019-07-25 00:46:55","2019-07-25 01:07:26","田村 耕太郎 （著）","カテゴリ：一般"
"284","発掘！歴史に埋もれたテレビＣＭ 見たことのない昭和３０年代 （光文社新書）新刊","https://image.honto.jp/item/1/265/2974/1952/29741952_1.png","2019-07-25 00:46:55","2019-07-25 01:07:27","高野光平 （著）","カテゴリ：一般"
"285","接待の手土産 「こちら秘書室」公認 ２０１９−２０２０ （日経ＭＯＯＫ）新刊","https://image.honto.jp/item/1/265/2972/2357/29722357_1.png","2019-07-25 00:46:56","2019-07-25 01:07:27","ぐるなび「こちら秘書室」編集室 （編）","カテゴリ：一般"
"286","みんなが欲しかった！ＦＰの問題集３級 実技対策もカンペキ！ ’１９−’２０年版","https://image.honto.jp/item/1/265/2957/0531/29570531_1.png","2019-07-25 00:46:56","2019-07-25 01:07:28","滝澤 ななみ （著）","カテゴリ：一般"
"287","ユダヤの商法 世界経済を動かす 新装版","https://image.honto.jp/item/1/265/2957/1501/29571501_1.png","2019-07-25 00:46:57","2019-07-25 01:07:29","藤田 田 （著）","カテゴリ：一般"
"288","ＴＨＥ ＴＥＡＭ５つの法則 （ＮＥＷＳＰＩＣＫＳ ＢＯＯＫ）","https://image.honto.jp/item/1/265/2959/2050/29592050_1.png","2019-07-25 00:46:57","2019-07-25 01:07:29","麻野耕司 （著）","カテゴリ：一般"
"289","直感と論理をつなぐ思考法 ＶＩＳＩＯＮ ＤＲＩＶＥＮ","https://image.honto.jp/item/1/265/2951/7440/29517440_1.png","2019-07-25 00:46:58","2019-07-25 01:07:30","佐宗邦威 （著）","カテゴリ：一般"
"290","仕事と心の流儀 （講談社現代新書）","https://image.honto.jp/item/1/265/2944/0586/29440586_1.png","2019-07-25 00:46:59","2019-07-25 01:07:30","丹羽 宇一郎 （著）","カテゴリ：一般"
"291","できる人は必ず持っている一流の気くばり力","https://image.honto.jp/item/1/265/2901/8136/29018136_1.png","2019-07-25 00:46:59","2019-07-25 01:07:31","安田 正 （著）","カテゴリ：一般"
"292","１分で話せ 世界のトップが絶賛した大事なことだけシンプルに伝える技術","https://image.honto.jp/item/1/265/2887/1272/28871272_1.png","2019-07-25 00:47:00","2019-07-25 01:07:32","伊藤 羊一 （著）","カテゴリ：一般"
"293","世界のエリートはなぜ「美意識」を鍛えるのか？ 経営における「アート」と「サイエンス」 （光文社新書）","https://image.honto.jp/item/1/265/2856/8414/28568414_1.png","2019-07-25 00:47:01","2019-07-25 01:07:32","山口周 （著）","２０１８ビジネス書大賞準大賞受賞"
"294","マネジャーの最も大切な仕事 ９５％の人が見過ごす「小さな進捗」の力","https://image.honto.jp/item/1/265/2825/2866/28252866_1.png","2019-07-25 00:47:01","2019-07-25 01:07:33","テレサ・アマビール （著）","カテゴリ：一般"
"295","「おもしろい人」の会話の公式 気のきいた一言がパッと出てくる！","https://image.honto.jp/item/1/265/2655/6200/26556200_1.png","2019-07-25 00:47:02","2019-07-25 01:07:34","吉田 照幸 （著）","カテゴリ：一般"
"296","思考の整理学 （ちくま文庫）","https://image.honto.jp/item/1/265/0041/1593/00411593_1.png","2019-07-25 00:47:02","2019-07-25 01:07:34","外山 滋比古 （著）","カテゴリ：一般"
"297","言葉は凝縮するほど、強くなる 短く話せる人になる！凝縮ワード新刊","https://image.honto.jp/item/1/265/2976/6870/29766870_1.png","2019-07-25 00:47:03","2019-07-25 01:07:35","古舘伊知郎 （著）","カテゴリ：一般"
"298","世界で一番カンタンな投資とお金の話 生涯投資家ｖｓ生涯漫画家新刊","https://image.honto.jp/item/1/265/2966/2513/29662513_1.png","2019-07-25 00:47:04","2019-07-25 01:07:36","村上世彰 （著）","カテゴリ：一般"
"299","税務ハンドブック 令和元年度版新刊","https://image.honto.jp/item/1/265/2963/4503/29634503_1.png","2019-07-25 00:47:04","2019-07-25 01:07:36","杉田宗久 （著）","カテゴリ：一般"
"300","夢をかなえるゾウ 文庫版 ３ ブラックガネーシャの教え","https://image.honto.jp/item/1/265/2964/6383/29646383_1.png","2019-07-25 00:47:05","2019-07-25 01:07:37","水野 敬也 （著）","カテゴリ：一般"
"301","調べる技術書く技術 誰でも本物の教養が身につく知的アウトプットの極意 （ＳＢ新書）","https://image.honto.jp/item/1/265/2957/8168/29578168_1.png","2019-07-25 00:47:06","2019-07-25 01:07:37","佐藤優 （著）","カテゴリ：一般"
"302","一番売れてる月刊マネー誌ＺＡｉが作った「ＦＸ」入門 …だけど本格派 外貨投資がイマすぐできる！ ＦＸ解説本の決定版！ 改訂版","https://image.honto.jp/item/1/265/2873/0827/28730827_1.png","2019-07-25 00:47:06","2019-07-25 01:07:38","ザイＦＸ！編集部 （編）","カテゴリ：一般"
"303","ＯＲＩＧＩＮＡＬＳ 誰もが「人と違うこと」ができる時代","https://image.honto.jp/item/1/265/2786/7386/27867386_1.png","2019-07-25 00:47:07","2019-07-25 01:07:38","アダム・グラント （著）","カテゴリ：一般"
"304","自分を操る超集中力","https://image.honto.jp/item/1/265/2782/4609/27824609_1.png","2019-07-25 00:47:07","2019-07-25 01:07:39","ＤａｉＧｏ （著）","カテゴリ：一般"
"305","プレイ・ワーク 仕事の生産性がグングン高まる「遊びながら働く」方法新刊","https://image.honto.jp/item/1/265/2967/1336/29671336_1.png","2019-07-25 00:47:08","2019-07-25 01:07:40","ピョートル・フェリクス・グジバチ （著）","カテゴリ：一般"
"306","すぐやるコツすぐやめるコツで全部うまくいく！ 「先のばし」を撃退する習慣化の５ステップ （知的生きかた文庫）新刊","https://image.honto.jp/item/1/265/2971/2247/29712247_1.png","2019-07-25 00:47:08","2019-07-25 01:07:40","平本 あきお （著）","カテゴリ：一般"
"307","労働法入門 新版 （岩波新書 新赤版）新刊","https://image.honto.jp/item/1/265/2966/7030/29667030_1.png","2019-07-25 00:47:09","2019-07-25 01:07:41","水町勇一郎 （著）","カテゴリ：一般"
"308","正しい「未来予測」のための武器になる数学アタマのつくり方","https://image.honto.jp/item/1/265/2968/2225/29682225_1.png","2019-07-25 00:47:10","2019-07-25 01:07:41","高橋洋一 （著）","カテゴリ：一般"
"309","「品がいい」と言われる人 ちょっとしたことで「好感を持たれる人」「敬遠される人」","https://image.honto.jp/item/1/265/2962/1494/29621494_1.png","2019-07-25 00:47:10","2019-07-25 01:07:42","鹿島しのぶ （著）","カテゴリ：一般"
"310","経済で読み解く日本史 文庫版 ５ 大正・昭和時代","https://image.honto.jp/item/1/265/2968/6103/29686103_1.png","2019-07-25 00:47:11","2019-07-25 01:07:43","上念 司 （著）","カテゴリ：一般"
"311","経済で読み解く日本史 文庫版 ３ 江戸時代","https://image.honto.jp/item/1/265/2968/6101/29686101_1.png","2019-07-25 00:47:11","2019-07-25 01:07:43","上念 司 （著）","カテゴリ：一般"
"312","高校生からわかる「資本論」 （集英社文庫 池上彰の講義の時間）","https://image.honto.jp/item/1/265/2962/8545/29628545_1.png","2019-07-25 00:47:12","2019-07-25 01:07:44","池上彰 （著）","カテゴリ：一般"
"313","目からウロコが落ちる奇跡の経済教室 基礎知識編","https://image.honto.jp/item/1/265/2957/3671/29573671_1.png","2019-07-25 00:47:12","2019-07-25 01:07:44","中野 剛志 （著）","カテゴリ：一般"
"314","メンタルヘルス・マネジメント検定試験公式テキストⅡ種ラインケアコース 第４版","https://image.honto.jp/item/1/265/2853/5728/28535728_1.png","2019-07-25 00:47:13","2019-07-25 01:07:45","大阪商工会議所 （編）","カテゴリ：一般"
"315","「すぐやる人」と「やれない人」の習慣 高校時代の偏差値３０台の勉強嫌いが自分を変えてケンブリッジに入学、活躍できた理由","https://image.honto.jp/item/1/265/2820/9449/28209449_1.png","2019-07-25 00:47:13","2019-07-25 01:07:46","塚本 亮 （著）","カテゴリ：一般"
"316","よい謝罪 仕事の危機を乗り切るための謝る技術","https://image.honto.jp/item/1/265/2800/3618/28003618_1.png","2019-07-25 00:47:14","2019-07-25 01:07:46","竹中 功 （著）","カテゴリ：一般"
"317","幸せになる勇気 （自己啓発の源流「アドラー」の教え）","https://image.honto.jp/item/1/265/2767/0015/27670015_1.png","2019-07-25 00:47:14","2019-07-25 01:07:47","岸見 一郎 （著）","カテゴリ：一般"
"318","人を動かす 文庫版","https://image.honto.jp/item/1/265/2763/6305/27636305_1.png","2019-07-25 00:47:15","2019-07-25 01:07:47","Ｄ．カーネギー （著）","カテゴリ：一般"
"319","超一流の雑談力","https://image.honto.jp/item/1/265/2713/4597/27134597_1.png","ブラウザで立ち読み","2019-07-25 00:47:16","2019-07-25 01:07:48","安田 正 （著）","カテゴリ：一般"
"320","金持ち父さん貧乏父さん アメリカの金持ちが教えてくれるお金の哲学 改訂版","https://image.honto.jp/item/1/265/2590/9013/25909013_1.png","2019-07-25 00:47:16","2019-07-25 01:07:49","ロバート・キヨサキ （著）","カテゴリ：一般"
"321","生き方 人間として一番大切なこと","https://image.honto.jp/item/1/265/0246/4468/02464468_1.png","2019-07-25 00:47:17","2019-07-25 01:07:49","稲盛 和夫 （著）","カテゴリ：一般"
"322","いくつになっても「求められる人」の小さな習慣 仕事・人間関係で差がつく６０のこと新刊","https://image.honto.jp/item/1/265/2972/7150/29727150_1.png","2019-07-25 00:47:17","2019-07-25 01:07:50","中谷彰宏 （著）","カテゴリ：一般"
"323","爆速パソコン仕事術 完全版新刊","https://image.honto.jp/item/1/265/2970/4149/29704149_1.png","2019-07-25 00:47:18","2019-07-25 01:07:50","岡田充弘 （著）","カテゴリ：一般"
"324","「超」ＡＩ整理法 無限にためて瞬時に引き出す新刊","https://image.honto.jp/item/1/265/2971/6477/29716477_1.png","2019-07-25 00:47:18","2019-07-25 01:07:51","野口悠紀雄 （著）","カテゴリ：一般"
"325","うかる！ＦＰ３級速攻テキスト ２０１９−２０２０年版","https://image.honto.jp/item/1/265/2965/2650/29652650_1.png","2019-07-25 00:47:19","2019-07-25 01:07:52","フィナンシャルバンクインスティチュート株式会社 （編）","カテゴリ：一般"
